<?xml version="1.0" encoding="UTF-8"?>
<beans xmlns="http://www.springframework.org/schema/beans" xmlns:xsi="http://www.w3.org/2001/XMLSchema-instance"
	xmlns:jdbc="http://www.springframework.org/schema/jdbc"
	xsi:schemaLocation="http://www.springframework.org/schema/beans http://www.springframework.org/schema/beans/spring-beans-4.0.xsd
        http://www.springframework.org/schema/jdbc  http://www.springframework.org/schema/jdbc/spring-jdbc-4.0.xsd">
	
    <!-- oracle Connection Pool -->
   <!--  <bean id="dataSource" class="com.mchange.v2.c3p0.ComboPooledDataSource"
        destroy-method="close">
        
        <property name="driverClass" value="oracle.jdbc.driver.OracleDriver" />
        <property name="jdbcUrl" value="jdbc:oracle:thin:@localhost:1521:orcl" />
	    <property name="user" value="scott" /> 오라클 계정 : 아이디
	    <property name="password" value="tiger" /> 오라클 계정 : 비밀번호
	    <property name="initialPoolSize" value="5" />
	    <property name="maxPoolSize" value="30" />
	    <property name="minPoolSize" value="5" />
	    <property name="acquireIncrement" value="3" />
	    <property name="acquireRetryAttempts" value="5" />
	    <property name="acquireRetryDelay" value="1000" />
	    <property name="idleConnectionTestPeriod" value="60" />
	    <property name="preferredTestQuery" value="SELECT 1 FROM DUAL" />
	    <property name="testConnectionOnCheckin" value="true" />
	    <property name="testConnectionOnCheckout" value="false" />
	</bean> -->
	<bean id="dataSource" class="org.apache.commons.dbcp.BasicDataSource">
      <property name="driverClassName"
         value="com.mysql.jdbc.Driver"></property>
      <!-- 이 부분은 각자의 환경에 맞게 알아서.. -->
      <property name="url" value="jdbc:mysql://127.0.0.1:3306/sys?useSSL=false&amp;allowMultiQueries=true&amp;serverTimezone=Asia/Seoul" />
      <property name="username" value="root"/>
      <property name="password" value="10241024"/>
   </bean>
    
</beans>

